1,1. Тигрёнок в наушниках,2021-08-12,0,0,0,0,0,0,12,273,0.04395604395604396
2,2. Полосатый гармонист,2021-08-13,0,0,0,0,0,0,2,80,0.025
3,3. Лесной саксофонист,2021-08-13,0,0,0,0,1,5.0,2,60,0.03333333333333333
4,4. Звёздная вокалистка,2021-08-13,0,0,0,0,1,5.0,7,105,0.06666666666666667
5,5. Восьминогий флейтист,2021-08-13,0,0,0,1,3,4.75,11,185,0.05945945945945946
6,6. Волшебная флейта Пана,2021-08-13,0,0,0,0,2,5.0,12,116,0.10344827586206896
7,7. Великий пианист,2021-08-13,0,0,0,0,0,0,6,138,0.043478260869565216
8,8. Благородный трубач,2021-08-13,0,0,0,1,2,4.666666666666667,15,276,0.05434782608695652
9,9. Африканский гитарист,2021-08-13,0,0,0,0,1,5.0,4,51,0.0784313725490196
10,10. Учёная сова,2021-08-16,0,0,0,0,0,0,11,214,0.0514018691588785
11,11. Учёная белка,2021-08-16,0,0,0,0,4,5.0,14,219,0.0639269406392694
12,12. Утёнок спешит на праздник,2021-08-16,0,0,0,0,4,5.0,22,434,0.05069124423963134
13,13. Секретный рюкзак-открытка,2021-08-16,2,0,0,0,2,3.0,12,231,0.05194805194805195
14,14. Крабик-первоклашка,2021-08-16,0,0,0,0,0,0,6,154,0.03896103896103896
15,15. Котик учит мяузбуку,2021-08-16,0,0,0,0,0,0,16,265,0.06037735849056604
16,16. Книжка-школьник,2021-08-16,0,0,0,0,0,0,12,125,0.096
17,17. Открытка-книжка,2021-08-16,0,0,0,0,3,5.0,11,255,0.043137254901960784
18,18. Кленовая открытка,2021-08-16,0,0,0,0,2,5.0,6,106,0.05660377358490566
19,19. Волшебная книжка,2021-08-16,0,0,0,0,4,5.0,17,240,0.07083333333333333
20,20. Ангельская арфа,2021-08-16,0,0,0,0,5,5.0,15,203,0.07389162561576355
21,21. Электромобиль,2021-08-16,0,0,0,0,3,5.0,8,171,0.04678362573099415
22,22. Секретный вертолёт,2021-08-16,0,0,0,0,1,5.0,1,27,0.037037037037037035
23,23. Самолёт-истребитель "Стриж",2021-08-16,0,0,0,0,10,5.0,23,288,0.0798611111111111
24,24. Полицейская машина,2021-08-16,0,0,0,0,1,5.0,14,215,0.06511627906976744
25,25. Пожарная машина,2021-08-16,0,0,0,0,0,0,0,37,0.0
26,26. Подводное путешествие,2021-08-16,0,0,0,0,1,5.0,1,48,0.020833333333333332
27,27. Пиратский корабль,2021-08-16,0,0,0,0,2,5.0,5,85,0.058823529411764705
28,28. Корабль викингов,2021-08-16,0,0,0,0,1,5.0,3,57,0.05263157894736842
29,29. Джип учится водить,2021-08-16,0,0,0,0,2,5.0,4,115,0.034782608695652174
30,30. Гоночный Болид,2021-08-16,0,0,0,0,3,5.0,10,204,0.049019607843137254
31,31. Чистоплотная хрюшка,2021-08-16,0,0,0,0,0,0,2,87,0.022988505747126436
32,32. Рыбка в аквариуме,2021-08-16,0,0,0,0,2,5.0,3,104,0.028846153846153848
33,33. Разговорчивый барашек,2021-08-16,0,0,0,0,1,5.0,5,125,0.04
34,34. Радужный хамелеон,2021-08-16,0,0,0,0,5,5.0,5,55,0.09090909090909091
35,35. Пластилиновая черепашка,2021-08-16,0,0,1,0,9,4.8,31,322,0.09627329192546584
36,36. Морская свинка,2021-08-16,0,0,0,0,5,5.0,12,247,0.048582995951417005
37,37. Лучшие друзья,2021-08-16,0,0,0,0,0,0,4,44,0.09090909090909091
38,38. Котик с ниточкой,2021-08-16,0,0,0,0,2,5.0,12,171,0.07017543859649122
39,39. Косточка для собачки,2021-08-16,0,0,0,0,1,5.0,3,133,0.022556390977443608
40,40. Домашний попугай,2021-08-16,0,0,0,0,0,0,1,44,0.022727272727272728
41,41. Таинственная Пантера,2021-08-16,0,0,0,0,3,5.0,6,231,0.025974025974025976
42,42. Ягодный Лев,2021-08-16,0,0,0,0,1,5.0,3,69,0.043478260869565216
43,43. Снежный Барсик,2021-08-16,0,0,0,0,0,0,2,44,0.045454545454545456
44,44. Приветливый рысенок,2021-08-16,1,0,0,0,5,4.333333333333333,8,157,0.050955414012738856
45,45. Пума с дикого запада,2021-08-16,0,0,0,0,2,5.0,10,270,0.037037037037037035
46,46. Очаровательный гепард,2021-08-16,0,0,0,0,1,5.0,3,76,0.039473684210526314
47,47. Леопард,2021-08-16,0,0,0,0,1,5.0,7,175,0.04
48,48. Котик-единорог-мороженое,2021-08-16,0,0,1,2,16,4.7894736842105265,62,1231,0.050365556458164096
49,49. Котик с рыбкой,2021-08-16,0,0,0,0,2,5.0,3,84,0.03571428571428571
50,50. Котик в тыковке,2021-08-16,0,0,0,0,4,5.0,9,202,0.04455445544554455
51,51. Речная лягушонка,2021-08-16,0,0,0,0,2,5.0,2,18,0.1111111111111111
52,52. Принцесса лягушка,2021-08-16,0,0,0,0,0,0,0,64,0.0
53,53. Пластилиновый лягушонок,2021-08-16,0,0,0,0,2,5.0,3,114,0.02631578947368421
54,54. Магическая лягушка,2021-08-16,0,0,0,0,2,5.0,4,43,0.09302325581395349
55,55. Лягушка-квакушка,2021-08-16,0,0,0,0,0,0,1,38,0.02631578947368421
56,56. Лягушка-закладка,2021-08-16,0,0,0,0,2,5.0,3,49,0.061224489795918366
57,57. Лягушачьи гляделки,2021-08-16,0,0,0,0,0,0,0,11,0.0
58,58. Лягушачьи Каникулы,2021-08-16,0,0,0,0,0,0,0,23,0.0
59,59. Инопланетная лягушка,2021-08-16,0,0,0,0,0,0,0,17,0.0
60,60. Волшебные друзья,2021-08-16,0,0,0,0,0,0,2,35,0.05714285714285714
61,61. Храм Ицукисима,2021-08-16,0,0,0,0,1,5.0,2,64,0.03125
62,62. Миска рамэна,2021-08-16,0,0,0,0,5,5.0,19,375,0.050666666666666665
63,63. Лебедь,2021-08-16,1,0,0,0,0,1.0,5,133,0.03759398496240601
64,64. Котик-суши,2021-08-16,0,0,0,0,4,5.0,9,114,0.07894736842105263
65,65. Журавлик,2021-08-16,0,0,0,0,1,5.0,1,74,0.013513513513513514
66,66. Гора Фудзияма,2021-08-16,0,0,0,0,1,5.0,2,104,0.019230769230769232
67,67. Веточка сакуры,2021-08-16,0,0,0,0,2,5.0,4,114,0.03508771929824561
68,68. Веселый ролл,2021-08-16,0,0,0,0,3,5.0,7,62,0.11290322580645161
69,69. Аниме мальчик,2021-08-16,0,0,0,0,0,0,3,46,0.06521739130434782
70,70. Аниме девочка,2021-08-16,0,0,0,0,4,5.0,7,140,0.05
71,71. Чемпион по прыжкам,2021-08-16,1,0,0,0,0,1.0,2,9,0.2222222222222222
72,72. Удивительный тукан,2021-08-16,0,0,0,0,0,0,0,32,0.0
73,73. Сонный леопард,2021-08-16,0,0,0,0,0,0,0,22,0.0
74,74. Полосатый царь джунглей,2021-08-16,0,0,0,0,1,5.0,3,76,0.039473684210526314
75,75. Необычный утконос,2021-08-16,0,0,0,0,4,5.0,6,59,0.1016949152542373
76,76. Морская черепаха,2021-08-16,0,0,0,0,1,5.0,6,163,0.03680981595092025
77,77. Милая коала,2021-08-16,0,0,0,0,3,5.0,6,101,0.0594059405940594
78,78. Летающий попугай,2021-08-16,0,0,0,0,0,0,1,19,0.05263157894736842
79,79. Забавная ящерица,2021-08-16,0,0,0,0,2,5.0,4,75,0.05333333333333334
80,80. Австралийский крокодил,2021-08-16,0,0,0,0,0,0,0,15,0.0
81,81. Человек-пламя,2021-08-16,1,0,0,0,0,1.0,1,28,0.03571428571428571
82,82. Супер-луч,2021-08-16,0,0,0,0,0,0,2,27,0.07407407407407407
83,83. Супер тучка,2021-08-16,0,0,0,0,0,0,6,81,0.07407407407407407
84,84. Супер ниндзя,2021-08-16,0,0,0,0,0,0,0,33,0.0
85,85. Супер кролик,2021-08-16,0,0,0,0,1,5.0,1,11,0.09090909090909091
86,86. Реактивная белка,2021-08-16,0,0,0,0,1,5.0,1,19,0.05263157894736842
87,87. Маска супер мотылька,2021-08-16,0,0,0,0,0,0,1,40,0.025
88,88. Маска супер волка,2021-08-16,0,0,0,0,1,5.0,1,56,0.017857142857142856
89,89. Макарон-мэн,2021-08-16,0,0,0,0,1,5.0,4,68,0.058823529411764705
90,90. Ледяной супер мишка,2021-08-16,0,0,0,0,0,0,0,15,0.0
91,91. Медуза горгона,2021-08-16,0,0,0,0,2,5.0,4,38,0.10526315789473684
92,92. Летающая ведьмочка,2021-08-16,0,0,0,0,0,0,0,30,0.0
93,93. Лесной колдун,2021-08-16,0,0,0,0,0,0,0,9,0.0
94,94. Лесная нимфа,2021-08-16,0,0,0,0,2,5.0,7,74,0.0945945945945946
95,95. Кот-Русал,2021-08-16,0,0,0,0,2,5.0,6,135,0.044444444444444446
96,96. Космический полёт,2021-08-16,0,0,0,0,0,0,0,13,0.0
97,97. Королевский дракон,2021-08-16,0,0,0,0,0,0,2,44,0.045454545454545456
98,98. Зубная фея,2021-08-16,0,0,0,0,0,0,1,24,0.041666666666666664
99,99. Гном на каникулах,2021-08-16,0,0,0,0,0,0,0,11,0.0
100,100. Волшебный джин,2021-08-16,0,0,0,0,0,0,0,12,0.0
101,101. Тукан,2021-08-16,0,0,0,0,0,0,1,25,0.04
102,102. Прожорливая гусеница,2021-08-16,0,0,0,0,1,5.0,2,49,0.04081632653061224
103,103. Неоновый котик,2021-08-16,0,0,1,0,0,3.0,4,79,0.05063291139240506
104,104. Морские коньки,2021-08-16,0,0,0,0,0,0,1,73,0.0136986301369863
105,105. Котик круглик,2021-08-16,0,0,0,0,5,5.0,10,204,0.049019607843137254
106,106. Королевская кобра,2021-08-16,0,0,0,0,3,5.0,5,83,0.060240963855421686
107,107.  Зебра,2021-08-16,0,0,0,0,1,5.0,2,54,0.037037037037037035
108,108. Волшебная сова,2021-08-16,0,0,0,0,0,0,2,80,0.025
109,109. Арт-пицца,2021-08-16,0,0,0,0,1,5.0,3,62,0.04838709677419355
110,110. Ёжик,2021-08-16,0,0,0,0,1,5.0,5,122,0.040983606557377046
111,111. Свекла-рокер,2021-08-16,0,0,0,0,0,0,0,12,0.0
112,112. Сахарная кукуруза,2021-08-16,0,0,0,0,1,5.0,1,16,0.0625
113,113. Редис Хоттабыч,2021-08-16,0,0,0,0,0,0,0,5,0.0
114,114. Разноцветный горошек,2021-08-16,0,0,0,0,0,0,1,32,0.03125
115,115. Обаятельный баклажан,2021-08-16,0,0,0,0,5,5.0,7,111,0.06306306306306306
116,116. Морковные птички,2021-08-16,0,0,0,0,0,0,0,13,0.0
117,117. Милая тыковка,2021-08-16,0,0,0,0,1,5.0,2,24,0.08333333333333333
118,118. Кудрявая брокколи,2021-08-16,0,0,0,0,2,5.0,5,58,0.08620689655172414
119,119. Граф Лукула,2021-08-16,0,0,0,0,0,0,0,6,0.0
120,120. Брокколи в парикмахерской,2021-08-16,0,0,0,0,1,5.0,3,26,0.11538461538461539
121,121. Хранитель снов,2021-08-16,0,0,0,0,3,5.0,5,64,0.078125
122,122. Радужная грива,2021-08-16,0,0,0,0,1,5.0,2,48,0.041666666666666664
123,123. Пегас,2021-08-16,0,0,0,0,2,5.0,2,36,0.05555555555555555
124,124. Летающие косточки,2021-08-16,0,0,0,0,3,5.0,8,139,0.05755395683453238
125,125. Звездная принцесса,2021-08-16,0,0,0,0,4,5.0,4,27,0.14814814814814814
126,126. Единорог смузи,2021-08-16,0,0,0,0,2,5.0,3,69,0.043478260869565216
127,127. Единорог круглик,2021-08-16,0,0,0,0,3,5.0,8,140,0.05714285714285714
128,128. Единорог балерина,2021-08-16,0,0,0,0,1,5.0,1,34,0.029411764705882353
129,129. Вкусная радуга,2021-08-16,1,0,1,1,4,4.0,18,301,0.059800664451827246
130,130. Верхом на облаке,2021-08-16,0,0,0,0,0,0,1,62,0.016129032258064516
131,131. Африканский крокодил,2021-08-16,0,0,0,0,0,0,0,12,0.0
132,132. Яркий бегемотик,2021-08-16,0,0,0,0,0,0,0,7,0.0
133,133. Чудесный розовый фламинго,2021-08-16,0,0,0,0,1,5.0,1,31,0.03225806451612903
134,134. Солнечная поездка,2021-08-16,0,0,0,0,0,0,1,15,0.06666666666666667
135,135. Необычный жираф,2021-08-16,0,0,0,0,2,5.0,5,38,0.13157894736842105
136,136. Мечтательный слонёнок,2021-08-16,0,0,0,0,1,5.0,3,46,0.06521739130434782
137,137. Любопытная обезьянка,2021-08-16,0,0,0,0,0,0,0,34,0.0
138,138. Дружелюбная змейка,2021-08-16,0,0,0,0,2,5.0,5,73,0.0684931506849315
139,139. Довольный сурикат,2021-08-16,0,0,0,0,0,0,0,5,0.0
140,140. Африканская женщина,2021-08-16,0,0,0,0,1,5.0,6,89,0.06741573033707865
141,141. Меч,2021-08-16,0,0,0,0,4,5.0,12,240,0.05
142,142. Тюльпаны,2021-08-16,0,0,0,0,4,5.0,6,166,0.03614457831325301
143,143. Стрекоза,2021-08-16,1,0,0,0,0,1.0,1,30,0.03333333333333333
144,144. Модная сумочка,2021-08-16,0,0,0,0,1,5.0,5,123,0.04065040650406504
145,145. Лягушки-попрыгушки,2021-08-16,0,0,0,0,5,5.0,9,151,0.059602649006622516
146,146. Лисичка,2021-08-16,0,0,0,0,0,0,0,45,0.0
147,147. Закладка-лисичка,2021-08-16,0,0,0,0,8,5.0,10,147,0.06802721088435375
148,148. Зайка,2021-08-16,1,0,0,0,0,1.0,4,73,0.0547945205479452
149,149. Волчок,2021-08-16,0,0,0,0,3,5.0,4,64,0.0625
150,150. Бабочка,2021-08-16,0,0,0,0,2,5.0,3,96,0.03125
151,151. Хозяин леса,2021-08-16,0,0,0,0,0,0,1,37,0.02702702702702703
152,152. Игривая лисичка,2021-08-16,0,0,0,0,1,5.0,2,18,0.1111111111111111
153,153. Дедушка Мухомор,2021-08-16,0,0,0,0,0,0,0,21,0.0
154,154. Волшебное дерево,2021-08-16,0,0,0,0,0,0,0,27,0.0
155,155. Совиная семья,2021-08-16,0,0,0,0,0,0,0,15,0.0
156,156. Мудрый ворон,2021-08-16,0,0,0,0,0,0,1,13,0.07692307692307693
157,157. Милый оленёнок,2021-08-16,0,0,0,0,0,0,1,23,0.043478260869565216
158,158. Любопытный енот,2021-08-16,0,0,0,0,0,0,1,12,0.08333333333333333
159,159. Лесная маска,2021-08-16,0,0,0,0,1,5.0,1,37,0.02702702702702703
160,160. Ёжик в цветочном горшке,2021-08-16,0,0,0,0,0,0,0,22,0.0
161,161. Танцующий тюльпанчик,2021-08-16,0,0,0,0,2,5.0,2,32,0.0625
162,162. Солнечный слон,2021-08-16,0,0,0,0,7,5.0,13,227,0.05726872246696035
163,163. Сердитая обезьянка,2021-08-16,0,0,0,0,0,0,0,5,0.0
164,164. Путешествие хомячка,2021-08-16,0,0,0,0,1,5.0,2,52,0.038461538461538464
165,165. Панда соня,2021-08-16,0,0,0,0,0,0,0,11,0.0
166,166. Мечтающий песик,2021-08-16,0,0,0,0,1,5.0,3,101,0.0297029702970297
167,167. Лемур Катта,2021-08-16,0,0,0,0,2,5.0,4,43,0.09302325581395349
168,168. Коровка на лугу,2021-08-16,0,0,0,0,0,0,1,17,0.058823529411764705
169,169. Каланчик с печеньем,2021-08-16,0,0,0,0,0,0,1,62,0.016129032258064516
170,170. Воришка меда,2021-08-16,0,0,0,0,1,5.0,3,58,0.05172413793103448
171,171. Танцор диско,2021-08-16,0,0,0,0,0,0,1,38,0.02631578947368421
172,172. Сонная открытка,2021-08-16,0,0,0,0,0,0,1,22,0.045454545454545456
173,173. Семейка панд,2021-08-16,0,0,0,0,0,0,0,46,0.0
174,174. Пушистый автомобилист,2021-08-16,0,0,0,0,0,0,1,16,0.0625
175,175. Пластилиновый пушистик,2021-08-16,0,0,0,1,2,4.666666666666667,3,62,0.04838709677419355
176,176. Пандовая закладка,2021-08-16,0,0,0,0,7,5.0,8,97,0.08247422680412371
177,177.  Панда на каникулах,2021-08-16,0,0,0,0,1,5.0,3,33,0.09090909090909091
178,178. Милая мордашка,2021-08-16,0,0,0,0,0,0,0,26,0.0
179,179. Ленивые выходные,2021-08-16,0,0,1,0,1,4.0,3,58,0.05172413793103448
180,180. Бамбуковый медальон,2021-08-16,0,0,0,0,0,0,0,8,0.0
181,181. Чудовище Несси,2021-08-16,0,0,0,0,0,0,0,34,0.0
182,182. Тираннозавр,2021-08-16,0,0,0,0,0,0,0,8,0.0
183,183. Сокровища дракона,2021-08-16,0,0,0,0,2,5.0,2,17,0.11764705882352941
184,184. Принцесса в башне,2021-08-16,0,0,0,0,0,0,0,5,0.0
185,185. Первый полёт дракона,2021-08-16,0,0,0,0,1,5.0,1,35,0.02857142857142857
186,186. Огнедышащий дракон,2021-08-16,0,0,0,0,0,0,0,8,0.0
187,187. Малыш-дракон,2021-08-16,0,0,0,0,0,0,0,10,0.0
188,188. Зубастый китайский дракон,2021-08-16,0,0,0,0,1,5.0,1,17,0.058823529411764705
189,189. Динозавр в гамаке,2021-08-16,0,0,0,0,0,0,0,28,0.0
190,190. Брахиозавр,2021-08-16,0,0,0,0,2,5.0,3,44,0.06818181818181818
191,191. Ягодное пирожное,2021-08-16,0,0,0,0,1,5.0,2,35,0.05714285714285714
192,192. Черепашка-макарун,2021-08-16,0,0,0,0,2,5.0,2,35,0.05714285714285714
193,193. Пончик-меломан,2021-08-16,0,1,0,0,5,4.5,14,180,0.07777777777777778
194,194. Необычное мороженое,2021-08-16,0,0,0,0,2,5.0,6,153,0.0392156862745098
195,195. Лавандовый пончик,2021-08-16,0,0,0,0,11,5.0,17,237,0.07172995780590717
196,196. Котик и леденец,2021-08-16,0,0,0,1,3,4.75,11,198,0.05555555555555555
197,197. Коктейль «Вилли Вонка»,2021-08-16,0,0,0,0,5,5.0,9,56,0.16071428571428573
198,198. Клубничный джем,2021-08-16,0,0,0,0,1,5.0,2,40,0.05
199,199. Единорог с леденцом,2021-08-16,0,0,0,0,3,5.0,7,129,0.05426356589147287
200,200. Вишенка на тортике,2021-08-16,0,0,0,0,0,0,2,11,0.18181818181818182
201,201. Украшение фараона,2021-08-16,0,0,0,0,0,0,0,13,0.0
202, ,2021-08-16, , , , , , ,1,6,0.16666666666666666
203,203. Ожившая мумия,2021-08-16,0,0,0,0,0,0,2,22,0.09090909090909091
204,204. Мяухамон,2021-08-16,0,0,0,0,0,0,3,70,0.04285714285714286
205,205. Маска Анубиса,2021-08-16,0,0,0,0,1,5.0,1,11,0.09090909090909091
206,206. Клеопатра,2021-08-16,0,0,0,0,1,5.0,1,14,0.07142857142857142
207,207. Загадка Сфинкса,2021-08-16,0,0,0,0,1,5.0,1,7,0.14285714285714285
208,208. Диадема Нефертити,2021-08-16,0,0,0,0,0,0,2,25,0.08
209,209. Великие пирамиды,2021-08-16,0,0,0,0,0,0,2,42,0.047619047619047616
210,210. Браслет царя Скарабеев,2021-08-16,0,0,0,0,0,0,1,10,0.1
211,211. Художественная гимнастика,2021-08-16,0,0,0,0,0,0,0,6,0.0
212,212. Футбольный чемпион,2021-08-16,0,0,0,0,0,0,0,9,0.0
213,213. Прыжки со скакалкой,2021-08-16,0,0,0,0,0,0,0,4,0.0
214,214. Необычный баскетбол,2021-08-16,0,0,0,0,0,0,0,3,0.0
215,215. Лучший пловец,2021-08-16,0,0,0,0,0,0,0,3,0.0
216,216. Летняя велопрогулка,2021-08-16,0,0,0,0,1,5.0,4,19,0.21052631578947367
217,217. Крокодилий скейт-парк,2021-08-16,0,0,0,0,0,0,1,5,0.2
218,218. Йога на свежем воздухе,2021-08-16,0,0,0,0,0,0,1,32,0.03125
219,219. Воздушный бадминтон,2021-08-16,0,0,0,0,0,0,0,2,0.0
220,220. Весёлый поход,2021-08-16,0,0,0,0,1,5.0,3,32,0.09375
221,221. Хомячок в панамке,2021-08-16,0,1,0,1,5,4.428571428571429,21,458,0.04585152838427948
222,222. Уточка учится плавать,2021-08-16,0,0,0,0,1,5.0,5,93,0.053763440860215055
223,223. Растаявшее мороженое,2021-08-16,0,0,0,0,3,5.0,16,217,0.07373271889400922
224,224. Папа-русал,2021-08-16,0,0,0,0,0,0,3,120,0.025
225,225. Ныряем к рыбкам,2021-08-16,0,0,0,1,3,4.75,9,109,0.08256880733944955
226,226. Неуклюжий авокадо,2021-08-16,0,0,0,0,6,5.0,17,362,0.04696132596685083
227,227. Летние подсолнухи,2021-08-16,0,0,0,0,4,5.0,7,177,0.03954802259887006
228,228. Закат на летних островах,2021-08-16,0,0,0,0,2,5.0,13,266,0.04887218045112782
229,229. Жарим маршмеллоу,2021-08-16,0,0,0,0,0,0,1,51,0.0196078431372549
230,230. Больше не нужно в школу,2021-08-16,0,0,0,0,3,5.0,7,100,0.07
231, ,2021-08-16, , , , , , ,3,17,0.17647058823529413
232,232. Счастливый лонгбордист,2021-08-16,0,0,0,0,0,0,1,6,0.16666666666666666
233,233. Снежный монстрик,2021-08-16,0,0,0,0,1,5.0,1,9,0.1111111111111111
234,234. Семейка кругликов,2021-08-16,0,0,0,1,0,4.0,2,37,0.05405405405405406
235,235. Прекрасный ангелочек,2021-08-16,0,0,0,0,0,0,1,3,0.3333333333333333
236,236. Осознанный монстрик,2021-08-16,0,0,0,0,1,5.0,1,3,0.3333333333333333
237,237. Необычная балерина,2021-08-16,0,0,0,0,0,0,0,0,0
238,238. Монстрик-музыкант,2021-08-16,0,0,0,0,0,0,0,8,0.0
239,239. Монстрик в библиотеке,2021-08-16,0,0,0,0,0,0,0,5,0.0
240,240. Добрый зубастик,2021-08-16,0,0,0,0,3,5.0,6,29,0.20689655172413793
241,241. Сторожевая собачка,2021-08-16,0,0,1,0,1,4.0,4,35,0.11428571428571428
242,242. Саламандра,2021-08-16,0,0,0,0,3,5.0,4,64,0.0625
243,243. Носорог и птичка,2021-08-16,0,0,0,0,1,5.0,1,8,0.125
244,244. Мышонок волшебник,2021-08-16,0,1,0,0,1,3.5,2,24,0.08333333333333333
245,245. Монстрик,2021-08-16,0,0,0,0,2,5.0,2,27,0.07407407407407407
246,246. Зубастый крокодил,2021-08-16,0,0,0,0,1,5.0,2,45,0.044444444444444446
247,247. Жадный котёнок,2021-08-16,0,0,0,1,2,4.666666666666667,7,135,0.05185185185185185
248,248. Волшебный рожок,2021-08-16,0,0,0,0,4,5.0,5,108,0.046296296296296294
249,249. Веселый бегемотик,2021-08-16,0,0,0,0,0,0,0,15,0.0
250,250. Братья авокадо,2021-08-16,0,0,0,0,4,5.0,7,117,0.05982905982905983
251,251. Тарелкомобилисты,2021-08-16,0,0,0,0,0,0,0,13,0.0
252,252. Таинственный кораблик,2021-08-16,0,0,0,0,0,0,0,8,0.0
253,253. Страна Вкусляндия,2021-08-16,0,0,0,0,1,5.0,3,22,0.13636363636363635
254,254. Праздничный самолёт,2021-08-16,0,0,0,0,0,0,0,14,0.0
255,255. Полосатая поездка,2021-08-16,0,0,0,0,0,0,0,2,0.0
256,256. Морской пират,2021-08-16,0,0,0,0,0,0,0,14,0.0
257,257. Крутой гонщик,2021-08-16,0,0,0,0,1,5.0,1,30,0.03333333333333333
258,258. Космическая ракета,2021-08-16,0,0,0,0,1,5.0,1,15,0.06666666666666667
259,259. Волшебный трамвайчик,2021-08-16,0,0,0,0,2,5.0,3,13,0.23076923076923078
260, ,2021-08-16, , , , , , ,0,4,0.0
261,261. Царевна лягушка,2021-08-16,0,0,0,0,0,0,1,14,0.07142857142857142
262,262. Волшебное озеро,2021-08-16,0,0,0,0,3,5.0,5,23,0.21739130434782608
263,263. Царевна лебедь,2021-08-16,0,0,0,0,0,0,1,21,0.047619047619047616
264,264. Репка,2021-08-16,0,0,0,0,0,0,2,15,0.13333333333333333
265,265. Леший,2021-08-16,0,0,0,0,0,0,1,16,0.0625
266,266. Кот учёный,2021-08-16,0,0,0,0,0,0,0,5,0.0
267,267. Избушка на курьих ножках,2021-08-16,0,0,0,0,0,0,0,15,0.0
268,268. Змей горыныч,2021-08-16,0,0,0,0,1,5.0,2,24,0.08333333333333333
269,269. Домовенок,2021-08-16,0,0,0,0,0,0,0,8,0.0
270,270. Богатырь,2021-08-16,0,0,0,1,1,4.5,2,35,0.05714285714285714
271,271. Такса на пляже,2021-08-16,0,0,0,0,3,5.0,7,81,0.08641975308641975
272,272. Радужная собачка,2021-08-16,0,0,0,0,0,0,5,77,0.06493506493506493
273,273. Пёсик-космонавт,2021-08-16,0,0,0,0,1,5.0,1,16,0.0625
274,274. Пёсик-аквалангист,2021-08-16,0,0,0,0,1,5.0,1,26,0.038461538461538464
275,275. Принцесса Русалка,2021-08-16,0,0,0,0,0,0,1,11,0.09090909090909091
276,276. Мопсозаврик,2021-08-16,0,0,0,0,0,0,0,14,0.0
277,277. Мечтательный пудель,2021-08-16,0,0,0,0,0,0,1,14,0.07142857142857142
278,278. Инопланетный пёсик,2021-08-16,0,0,0,0,0,0,0,10,0.0
279,279. Гаф-кофе,2021-08-16,1,0,0,0,3,4.0,8,98,0.08163265306122448
280,280. Веселая такса,2021-08-16,0,0,0,0,2,5.0,2,34,0.058823529411764705
281,281. Рыбка фонарик,2021-08-16,0,0,0,0,0,0,0,9,0.0
282,282. Радужная рыбка,2021-08-16,0,0,0,0,2,5.0,3,60,0.05
283,283. Модные осминожки,2021-08-16,0,1,0,0,1,3.5,10,139,0.07194244604316546
284,284. Любопытный кит,2021-08-16,0,0,0,0,0,0,0,25,0.0
285,285. Жители актинии,2021-08-16,0,0,0,0,0,0,1,7,0.14285714285714285
286,286. Волшебная бутылочка,2021-08-16,0,0,0,0,1,5.0,1,13,0.07692307692307693
287,287. Вид со дна океана,2021-08-16,0,0,0,0,1,5.0,7,110,0.06363636363636363
288,288. Вечеринка медуз,2021-08-16,0,0,0,0,0,0,0,7,0.0
289,289. Веселый китёнок,2021-08-16,0,0,0,0,0,0,0,15,0.0
290,290. Акула-зубастик,2021-08-16,0,0,0,0,0,0,1,46,0.021739130434782608
291, ,2021-08-16, , , , , , ,0,11,0.0
292,292. Тигрулина почта,2021-08-16,0,0,0,0,0,0,0,9,0.0
293,293. Супер Енот,2021-08-16,0,0,0,0,0,0,1,11,0.09090909090909091
294,294. Солнечный котик,2021-08-16,0,0,0,0,0,0,0,39,0.0
295,295. Полосатая рыбка,2021-08-16,0,0,0,0,0,0,0,24,0.0
296, ,2021-08-16, , , , , , ,3,22,0.13636363636363635
297,297. Радужная русалочка,2021-08-16,0,0,0,0,3,5.0,6,144,0.041666666666666664
298,298. Маленькая зебра,2021-08-16,0,0,0,0,1,5.0,1,10,0.1
299,299. Акулий День Рождения,2021-08-16,0,0,0,0,3,5.0,4,34,0.11764705882352941
300,300. Щенок-единорог,2021-08-16,0,0,0,0,0,0,4,102,0.0392156862745098
301,301. Сладкое проишествие,2021-08-16,0,0,0,0,1,5.0,3,6,0.5
302,302. Радужная лама,2021-08-16,0,0,0,0,0,0,0,5,0.0
303,303. Кудрявый единорог,2021-08-16,0,0,0,0,1,5.0,1,29,0.034482758620689655
304,304. Котик-радуга,2021-08-16,0,0,0,0,2,5.0,4,140,0.02857142857142857
305,305. Космический единорог,2021-08-16,0,0,0,0,1,5.0,1,25,0.04
306,306. Кексик-единорог,2021-08-16,1,0,0,0,5,4.333333333333333,19,423,0.04491725768321513
307,307. Закладка-единорог,2021-08-16,0,0,0,0,0,0,1,18,0.05555555555555555
308,308. Единорог-балерина,2021-08-16,0,0,0,0,0,0,1,42,0.023809523809523808
309,309. Волшебное путешествие,2021-08-16,0,0,0,0,1,5.0,1,8,0.125
310,310. Божья коровка с клевером,2021-08-16,0,0,0,0,0,0,0,33,0.0
311, ,2021-08-16, , , , , , ,2,14,0.14285714285714285
312,312. Волшебная стрекоза,2021-08-16,0,0,0,0,1,5.0,3,53,0.05660377358490566
313, ,2021-08-16, , , , , , ,0,4,0.0
314,314. Гусеничка в свитере,2021-08-16,0,0,0,0,0,0,0,9,0.0
315, ,2021-08-16, , , , , , ,1,15,0.06666666666666667
316,316. Паучок-именинник,2021-08-16,0,0,0,0,0,0,1,12,0.08333333333333333
317,317. Пчелиная открытка,2021-08-16,0,0,0,0,0,0,0,12,0.0
318,318. Романтичная бабочка,2021-08-16,0,0,0,0,1,5.0,2,39,0.05128205128205128
319,319. Стрекоза в очках,2021-08-16,0,0,0,0,0,0,0,8,0.0
320,320. Игра в гляделки,2021-08-16,0,0,0,0,1,5.0,5,113,0.04424778761061947
321,321. Котёнок с мячиком,2021-08-16,0,0,0,0,0,0,5,63,0.07936507936507936
322,322. Кролик и цыплёнок,2021-08-16,0,0,0,0,0,0,1,21,0.047619047619047616
323,323. Ленивец,2021-08-16,0,0,0,0,0,0,0,5,0.0
324,324. Пасхальный венок,2021-08-16,0,0,0,0,0,0,0,1,0.0
325,325. Пасхальный кулич,2021-08-16,0,0,0,0,2,5.0,2,19,0.10526315789473684
326, ,2021-08-16, , , , , , ,0,3,0.0
327,327. Яйца в гнездышке,2021-08-16,0,0,0,0,0,0,0,4,0.0
328,328. Утёнок с пасхальными яйцами,2021-08-16,0,0,0,0,0,0,0,13,0.0
329,329. Леденец,2021-08-16,0,0,0,1,5,4.833333333333333,11,150,0.07333333333333333
330,330. Танк из пластилина,2021-08-16,0,0,0,0,2,5.0,7,86,0.08139534883720931
331,331. Собачка-герой,2021-08-16,0,0,0,0,1,5.0,1,10,0.1
332,332. Праздничные гвоздики,2021-08-16,0,0,0,0,0,0,0,3,0.0
333,333. Секретная открытка,2021-08-16,0,0,0,0,0,0,0,4,0.0
334,334. Голубь с букетом,2021-08-16,0,0,0,0,0,0,0,1,0.0
335,335. Голубиная открытка,2021-08-16,0,0,0,0,0,0,0,1,0.0
336,336. Праздничный самолёт,2021-08-16,0,0,0,0,0,0,0,5,0.0
337,337. Вечный огонь,2021-08-16,0,0,0,0,0,0,0,3,0.0
338,338. Открытка на 9 мая,2021-08-16,0,0,0,0,0,0,0,2,0.0
339,339. Ветеран с медалями,2021-08-16,0,0,0,0,0,0,0,8,0.0
340,340. Миньон,2021-08-16,0,0,0,0,4,5.0,11,123,0.08943089430894309
341,341. Мишки на севере,2021-08-16,0,0,0,0,1,5.0,1,26,0.038461538461538464
342,342. Бобр,2021-08-16,0,0,0,0,1,5.0,1,18,0.05555555555555555
343,343. Лягушонок,2021-08-16,0,0,0,0,0,0,0,8,0.0
344,344. Танцующий робот,2021-08-16,0,0,0,0,0,0,0,4,0.0
345,345. Лунный городок,2021-08-16,0,0,0,0,1,5.0,2,27,0.07407407407407407
346,346. Фея Бефана из Италии,2021-08-16,0,0,0,0,0,0,0,14,0.0
347,347. Довольный крабик,2021-08-16,0,0,0,0,0,0,1,22,0.045454545454545456
348,348. Котик,2021-08-16,0,0,1,0,0,3.0,4,38,0.10526315789473684
349,349.  Хамелеон,2021-08-16,0,0,0,0,5,5.0,14,321,0.04361370716510903
350,350. О чем мечтает панда,2021-08-16,1,0,0,0,7,4.5,12,170,0.07058823529411765
351,351. Открытка для любимого человека,2021-08-16,0,0,0,0,2,5.0,5,90,0.05555555555555555
352,352. Обезьянка в колпаке,2021-08-16,0,0,0,0,0,0,1,46,0.021739130434782608
353,353. Фея,2021-08-16,0,0,0,0,0,0,0,32,0.0
354,354. Тигр и обруч,2021-08-16,0,0,0,0,0,0,1,3,0.3333333333333333
355,355. Подводная лодка,2021-08-16,0,0,0,0,0,0,0,19,0.0
356,356. Мышка принцесса,2021-08-16,0,0,0,0,0,0,2,30,0.06666666666666667
357,357. Лев в цилиндре,2021-08-16,0,0,0,0,1,5.0,1,5,0.2
358,358. Котовая Почта,2021-08-16,0,0,0,0,0,0,2,24,0.08333333333333333
359,359. Русалка,2021-08-16,0,0,0,0,0,0,1,15,0.06666666666666667
360,360. Собачки на диване,2021-08-16,0,0,0,0,0,0,2,27,0.07407407407407407
361,361. Пчела,2021-08-16,0,0,0,0,0,0,0,4,0.0
362,362. Открытка с цветами,2021-08-16,0,0,0,0,1,5.0,2,19,0.10526315789473684
363,363. Ёжик,2021-08-16,0,0,0,0,0,0,0,5,0.0
364,364. Веселые улитки,2021-08-16,0,0,0,0,0,0,0,5,0.0
365,365. Карандаши,2021-08-16,0,0,0,0,2,5.0,2,17,0.11764705882352941
366,366. Объемная открытка с сердечками,2021-08-16,0,0,0,0,2,5.0,4,33,0.12121212121212122
367,367. Открытка с рождественским венком,2021-08-16,0,0,0,0,0,0,1,7,0.14285714285714285
368,368. Весёлый лягушонок,2021-08-16,0,0,0,0,0,0,0,1,0.0
369,369. Ретро-мобиль с ёлкой,2021-08-16,0,0,0,0,0,0,2,26,0.07692307692307693
370,370. Белые мишки,2021-08-16,0,0,0,0,0,0,0,8,0.0
371,371. Мишка с шариком,2021-08-16,0,0,0,0,0,0,2,83,0.024096385542168676
372,372. Улитка из пластилина,2021-08-16,0,0,0,0,0,0,1,28,0.03571428571428571
373,373. Бруни,2021-08-16,0,0,0,0,0,0,1,24,0.041666666666666664
374,374. Снегирь,2021-08-16,0,0,0,0,0,0,2,13,0.15384615384615385
375, ,2021-08-16, , , , , , ,3,45,0.06666666666666667
376,376. Северное сияние,2021-08-16,0,0,0,0,0,0,1,34,0.029411764705882353
377,377. Художник Котик,2021-08-16,0,0,0,0,0,0,2,12,0.16666666666666666
378,378. Птички,2021-08-16,0,0,0,0,0,0,0,9,0.0
379,379. Улитка,2021-08-16,0,0,0,0,0,0,1,5,0.2
380,380. Птичка детектив,2021-08-16,0,0,0,0,0,0,0,15,0.0
381,381. Овечка,2021-08-16,0,0,0,0,1,5.0,1,17,0.058823529411764705
382,382. Италия,2021-08-16,0,0,0,0,0,0,0,8,0.0
383,383. Мышка с сыром,2021-08-16,0,0,0,0,0,0,2,36,0.05555555555555555
384,384. Котик с сердечком,2021-08-16,0,0,0,0,3,5.0,9,187,0.0481283422459893
385,385. Ласточки,2021-08-16,0,0,0,0,0,0,0,1,0.0
386,386. Котик в камуфляже,2021-08-16,0,0,0,0,0,0,1,9,0.1111111111111111
387,387. Лягушка с цветочком,2021-08-16,0,0,0,0,1,5.0,1,7,0.14285714285714285
388,388. Котик-десантник,2021-08-16,0,0,0,0,0,0,0,4,0.0
389,389. Мишка лётчик,2021-08-16,0,0,0,0,0,0,0,1,0.0
390, ,2021-08-16, , , , , , ,2,12,0.16666666666666666
391, ,2021-08-16, , , , , , ,3,13,0.23076923076923078
392,392. Открытка - галстук,2021-08-16,0,0,0,0,1,5.0,1,11,0.09090909090909091
393,393. Открытка Звезда,2021-08-16,0,0,0,0,0,0,0,7,0.0
394,394. Крокодилы,2021-08-16,0,0,0,0,0,0,0,1,0.0
395,395. Папочка,2021-08-16,0,0,0,0,0,0,0,11,0.0
396,396. Бабочка из пластилина,2021-08-16,0,0,0,0,0,0,0,18,0.0
397, ,2021-08-16, , , , , , ,0,29,0.0
398,398. Добрый танк,2021-08-16,0,0,0,0,1,5.0,2,28,0.07142857142857142
399,399. Пингвин-парашютист,2021-08-16,0,0,0,0,0,0,0,3,0.0
400,400. Among us,2021-08-16,0,0,0,0,0,0,3,49,0.061224489795918366
401,401. Праздничный танк,2021-08-17,0,0,0,0,0,0,0,10,0.0
402, ,2021-08-17, , , , , , ,3,105,0.02857142857142857
403,403. Япония,2021-08-17,0,0,0,0,0,0,1,11,0.09090909090909091
404,404. Панда,2021-08-17,0,0,0,0,0,0,0,14,0.0
405,405. Обезьянка,2021-08-17,0,0,0,0,0,0,0,3,0.0
406,406. Троллейбус,2021-08-17,0,0,0,0,1,5.0,3,19,0.15789473684210525
407, ,2021-08-17, , , , , , ,0,3,0.0
408,408. Белочка в домике,2021-08-17,0,0,0,0,0,0,0,13,0.0
409,409. Масленица,2021-08-17,0,0,0,0,0,0,0,2,0.0
410,410. Секретный эльф,2021-08-17,0,0,0,0,1,5.0,1,2,0.5
411,411. Франция,2021-08-17,0,0,0,0,0,0,0,4,0.0
412,412. Волшебная птичка,2021-08-17,0,0,0,0,0,0,2,17,0.11764705882352941
413,413. Солнечная система,2021-08-17,0,0,0,0,2,5.0,3,30,0.1
414,414. Лунтик,2021-08-17,0,0,0,0,0,0,0,25,0.0
415,415. Секретный Дед Мороз,2021-08-17,0,0,0,0,1,5.0,1,13,0.07692307692307693
416,416. Цапля-рыболов,2021-08-17,0,0,0,0,2,5.0,2,14,0.14285714285714285
417,417. Супер-папа,2021-08-17,0,0,0,0,0,0,0,6,0.0
418,418. Мексика,2021-08-17,0,0,0,0,0,0,0,8,0.0
419,419. Белка и Стрелка,2021-08-17,0,0,0,0,2,5.0,3,27,0.1111111111111111
420,420. Куранты,2021-08-17,0,0,0,0,1,5.0,2,10,0.2
421,421. Самолет из пластилина,2021-08-17,0,0,0,0,1,5.0,1,30,0.03333333333333333
422,422. Единорог из пластилина,2021-08-17,0,0,0,0,1,5.0,1,32,0.03125
423,423. Олаф,2021-08-17,0,0,0,0,0,0,1,46,0.021739130434782608
424,424. Жар птица,2021-08-17,0,0,0,1,0,4.0,1,9,0.1111111111111111
425,425. Авокадо,2021-08-17,0,0,0,0,4,5.0,7,77,0.09090909090909091
426,426. Осеннее дерево,2021-08-17,0,0,0,0,1,5.0,1,22,0.045454545454545456
427,427. Пластилиновая ракета,2021-08-17,0,0,0,0,1,5.0,1,42,0.023809523809523808
428,428. Новогодняя ёлочка из пластилина,2021-08-17,0,0,0,0,0,0,0,7,0.0
429, ,2021-08-17, , , , , , ,1,38,0.02631578947368421
430,430. Скафандр-маска,2021-08-17,0,0,0,0,0,0,0,11,0.0
431,431. Груша,2021-08-17,0,0,0,0,0,0,0,3,0.0
432,432. Такса,2021-08-17,0,0,0,0,1,5.0,1,5,0.2
433,433. Черепашка,2021-08-17,0,0,0,0,1,5.0,1,76,0.013157894736842105
434,434. Пчела из пластилина,2021-08-17,0,0,0,0,0,0,2,46,0.043478260869565216
435,435. Мчимся с горки,2021-08-17,0,0,0,0,0,0,1,6,0.16666666666666666
436,436. Котик-комета,2021-08-17,0,0,0,0,2,5.0,2,28,0.07142857142857142
437,437. Лисичка из пластилина,2021-08-17,0,0,0,0,1,5.0,1,17,0.058823529411764705
438,438. Гонщик Чейз,2021-08-17,0,0,0,0,0,0,0,74,0.0
439, ,2021-08-17, , , , , , ,6,40,0.15
440,440. Испания,2021-08-17,0,0,0,0,0,0,0,15,0.0
441,441. Хрюша в очках,2021-08-17,0,0,0,0,0,0,0,7,0.0
442,442. Ракета-морковка,2021-08-17,0,0,0,0,0,0,0,5,0.0
443,443. Лягушка на кувшинке,2021-08-17,0,0,0,0,0,0,0,4,0.0
444,444. Рыжий котенок,2021-08-17,0,0,0,0,2,5.0,3,52,0.057692307692307696
445,445. Медуза,2021-08-17,0,0,0,0,0,0,1,14,0.07142857142857142
446,446. Симка и Нолик,2021-08-17,0,0,0,0,0,0,0,22,0.0
447,447. Ёлочная игрушка,2021-08-17,0,0,0,0,0,0,0,0,0
448, ,2021-08-17, , , , , , ,0,9,0.0
449,449. Ласка с сердечком,2021-08-17,0,0,0,0,0,0,0,1,0.0
450,450. Снеговик,2021-08-17,0,0,0,0,0,0,2,11,0.18181818181818182
451,451. Тыковка собачка,2021-08-17,0,0,0,0,0,0,0,11,0.0
452,452. Ёлочная игрушка- олень,2021-08-17,0,0,0,0,1,5.0,1,6,0.16666666666666666
453,453. Сирень,2021-08-17,0,0,0,0,1,5.0,1,10,0.1
454,454. Пудель,2021-08-17,0,0,0,0,1,5.0,1,3,0.3333333333333333
455,455. Малыш-пришелец,2021-08-17,0,0,0,0,0,0,1,18,0.05555555555555555
456,456. Арбузик,2021-08-17,0,0,0,0,2,5.0,4,66,0.06060606060606061
457,457. Павлин из пластилина,2021-08-17,0,0,0,0,0,0,0,10,0.0
458,458. Филин из пластилина,2021-08-17,0,0,0,0,1,5.0,1,28,0.03571428571428571
459,459. Ракета,2021-08-17,0,0,0,0,0,0,0,1,0.0
460,460. Весенняя птичка,2021-08-17,0,0,0,0,1,5.0,2,9,0.2222222222222222
461,461. Подснежники,2021-08-17,0,0,0,0,0,0,0,10,0.0
462,462. Сиамская кошечка,2021-08-17,0,0,0,0,1,5.0,4,77,0.05194805194805195
463,463. Белочка,2021-08-17,0,0,0,0,0,0,0,5,0.0
464,464. Ёлочки,2021-08-17,0,0,0,0,0,0,1,6,0.16666666666666666
465,465. Волшебный корабль,2021-08-17,0,0,0,0,0,0,0,5,0.0
466,466. Мишка с рыбкой,2021-08-17,0,0,0,0,0,0,0,3,0.0
467,467. Пингвин с подарками,2021-08-17,0,0,0,0,1,5.0,1,6,0.16666666666666666
468,468. Котики,2021-08-17,0,0,0,0,0,0,1,46,0.021739130434782608
469,469. Панда из пластилина,2021-08-17,0,0,0,0,0,0,0,16,0.0
470,470. Коржик и Карамелька,2021-08-17,0,0,0,0,1,5.0,4,47,0.0851063829787234
471,471. Совушки,2021-08-17,0,0,0,0,1,5.0,2,3,0.6666666666666666
472,472. Осьминог из пластилина,2021-08-17,0,0,0,0,0,0,0,11,0.0
473,473. Павлин,2021-08-17,0,0,0,0,0,0,0,4,0.0
474,474. Медведь во льдинах,2021-08-17,0,0,0,0,0,0,1,6,0.16666666666666666
475, ,2021-08-17, , , , , , ,1,14,0.07142857142857142
476,476. Лошадка Весна,2021-08-17,0,0,0,0,0,0,0,1,0.0
477,477. Дедушка Мороз,2021-08-17,0,0,0,0,1,5.0,1,6,0.16666666666666666
478,478. Ананасовая хула,2021-08-17,0,0,0,0,0,0,0,8,0.0
479,479. Подсолнух из пластилина,2021-08-17,0,0,0,0,1,5.0,1,3,0.3333333333333333
480,480. Кругленький бобрёнок,2021-08-17,0,0,0,0,1,5.0,1,6,0.16666666666666666
481,481. Котик кукурузка,2021-08-17,0,0,0,0,3,5.0,4,23,0.17391304347826086
482,482. Волшебная бутылочка,2021-08-17,0,0,0,0,0,0,0,4,0.0
483, ,2021-08-17, , , , , , ,0,0,0
484,484. Волшебный шар,2021-08-17,0,0,0,0,0,0,0,9,0.0
485,485. Калан из пластилина,2021-08-17,0,0,0,0,0,0,0,11,0.0
486,486. Воздушный шар из пластилина,2021-08-17,0,0,0,0,0,0,0,8,0.0
487,487. Тролль,2021-08-17,0,0,0,0,0,0,0,4,0.0
488,488. Кораблики,2021-08-17,0,0,0,0,0,0,0,5,0.0
489,489. День Сурка,2021-08-17,0,0,0,0,0,0,0,1,0.0
490, ,2021-08-17, , , , , , ,0,23,0.0
491,491. Букет цветов,2021-08-17,0,0,0,0,2,5.0,2,22,0.09090909090909091
492,492. Миска с фруктами,2021-08-17,0,0,0,1,0,4.0,1,6,0.16666666666666666
493,493. Бёрдинг,2021-08-17,0,0,0,0,0,0,0,4,0.0
494,494. Космическое похищение,2021-08-17,0,0,1,0,0,3.0,1,9,0.1111111111111111
495, ,2021-08-17, , , , , , ,5,52,0.09615384615384616
496,496. Лиса,2021-08-17,0,0,0,0,0,0,0,8,0.0
497,497. Белый медведь,2021-08-17,0,0,0,0,1,5.0,1,5,0.2
498,498. Крот,2021-08-17,0,0,0,0,0,0,0,4,0.0
499,499. Котик под дождем,2021-08-17,0,0,0,0,0,0,0,24,0.0
500,500. Ваза с цветами,2021-08-17,0,0,0,0,0,0,1,14,0.07142857142857142
501,501. Горошек,2021-08-17,0,0,0,0,1,5.0,1,48,0.020833333333333332
502, ,2021-08-17, , , , , , ,0,12,0.0
503, ,2021-08-17, , , , , , ,4,34,0.11764705882352941
504,504. Енотик,2021-08-17,0,0,0,0,0,0,0,3,0.0
505,505. Солнышко на радуге,2021-08-17,0,0,0,0,1,5.0,1,6,0.16666666666666666
506,506. Часы,2021-08-17,0,0,0,0,1,5.0,2,4,0.5
507,507. Лисички,2021-08-17,0,0,0,0,0,0,2,14,0.14285714285714285
508,508. Бабушка с котиком,2021-08-17,0,0,0,0,0,0,0,7,0.0
509,509. Клубничка и мандарин,2021-08-17,0,0,0,0,1,5.0,1,34,0.029411764705882353
510,510. Ракета,2021-08-17,0,0,0,0,0,0,0,7,0.0
511,511. Нарвал,2021-08-17,0,0,0,0,1,5.0,1,26,0.038461538461538464
512,512. Трансформер,2021-08-17,0,0,0,0,0,0,1,27,0.037037037037037035
513,513. Мороженое из пластилина,2021-08-17,0,0,0,0,1,5.0,1,58,0.017241379310344827
514,514. Букет цветов,2021-08-17,0,0,0,0,0,0,0,2,0.0
515,515. Единорог-Пегас из пластилина,2021-08-17,0,0,0,0,0,0,1,35,0.02857142857142857
516, ,2021-08-17, , , , , , ,0,2,0.0
517,517. Маска единорога,2021-08-17,1,0,0,0,0,1.0,3,19,0.15789473684210525
518,518. Лисичка с цветочком,2021-08-17,0,0,0,0,0,0,0,5,0.0
519,519. Радужный единорог,2021-08-17,0,0,0,0,0,0,0,9,0.0
520,520. Открытка с тюльпанами,2021-08-17,0,0,0,0,0,0,0,25,0.0
521,521. Котик на комете,2021-08-17,0,0,0,0,2,5.0,2,29,0.06896551724137931
522,522. Улиточка с сердечком,2021-08-17,0,0,0,0,1,5.0,2,102,0.0196078431372549
523,523. Машинка из пластилина,2021-08-17,0,0,0,0,1,5.0,2,52,0.038461538461538464
524,524. Космонавт Тигр,2021-08-17,0,0,0,0,0,0,0,3,0.0
525, ,2021-08-17, , , , , , ,0,3,0.0
526,526. Единорог на Луне,2021-08-17,0,0,0,0,1,5.0,3,28,0.10714285714285714
527,527. Мамочка с букетом,2021-08-17,0,0,0,0,0,0,0,11,0.0
528,528. Мама кошечка,2021-08-17,0,0,0,0,2,5.0,2,29,0.06896551724137931
529,529. Молния МакКуин,2021-08-17,0,0,0,0,1,5.0,3,43,0.06976744186046512
530,530. Пчела,2021-08-17,0,0,0,0,0,0,0,55,0.0
531,531. Прическа из цветов,2021-08-17,0,0,0,0,0,0,0,3,0.0
532,532. Апельсиновый велосипед,2021-08-17,0,0,0,0,0,0,0,1,0.0
533,533. Самосвал,2021-08-17,0,0,0,0,0,0,0,13,0.0
534,534. Птичка с птенчиком,2021-08-17,0,0,0,0,0,0,0,6,0.0
535,535. Зайка в подарке из пластилина,2021-08-17,0,0,0,0,0,0,0,5,0.0
536,536. Лондонский автобус,2021-08-17,0,0,0,0,0,0,0,3,0.0
537,537. Маяк,2021-08-17,0,0,0,0,0,0,0,12,0.0
538,538. Динозаврик из пластилина,2021-08-17,0,0,0,0,0,0,1,10,0.1
539,539. Слоник с мыльными пузырями,2021-08-17,0,0,0,0,0,0,0,4,0.0
540,540. Пингвин на льдине,2021-08-17,0,0,0,0,0,0,0,1,0.0
541,541. Летающая тарелка из пластилина,2021-08-17,0,0,0,0,0,0,0,18,0.0
542,542. Белка из пластилина,2021-08-17,0,0,0,0,0,0,0,9,0.0
543,543. Повар Зебра,2021-08-17,0,0,0,0,1,5.0,3,8,0.375
544,544. Котик в дождевике,2021-08-17,0,0,0,1,0,4.0,1,18,0.05555555555555555
545,545. Портрет любимой мамочки,2021-08-17,0,0,0,0,0,0,1,65,0.015384615384615385
546,546. Скоростной самолёт,2021-08-17,0,0,0,0,0,0,2,16,0.125
547,547. Лев из пластилина,2021-08-17,0,0,0,0,2,5.0,2,23,0.08695652173913043
548,548. Олень из пластилина,2021-08-17,0,0,0,0,0,0,0,10,0.0
549,549. Петушок и птенчик из пластилина,2021-08-17,0,0,0,0,0,0,1,8,0.125
550,550. Пингвин из пластилина,2021-08-17,0,0,0,0,0,0,1,17,0.058823529411764705
551,551. Лягушонок,2021-08-17,0,0,0,0,0,0,0,12,0.0
552,552. Беззубик из пластилина,2021-08-17,0,0,0,0,0,0,2,28,0.07142857142857142
553,553. Паучок,2021-08-17,0,0,0,0,0,0,0,5,0.0
554,554. Котик из пластилина,2021-08-17,0,0,0,1,0,4.0,2,22,0.09090909090909091
555,555. Хрюша из пластилина,2021-08-17,0,0,0,0,1,5.0,1,18,0.05555555555555555
556,556. Кот на пончике,2021-08-18,0,0,0,0,0,0,1,25,0.04
557,557. Снеговик из пластилина,2021-08-18,0,0,0,0,0,0,0,8,0.0
558,558. Кролик из шляпы,2021-08-18,0,0,0,0,0,0,0,6,0.0
559,559. Пряничный человек из пластилина,2021-08-18,0,0,0,0,0,0,0,9,0.0
560,560. Черепашка в шляпе из пластилина,2021-08-18,0,0,0,0,0,0,0,6,0.0
561,561. Акула из пластилина,2021-08-18,0,0,0,0,1,5.0,1,21,0.047619047619047616
562,562. Эльза,2021-08-18,0,0,0,1,2,4.666666666666667,5,95,0.05263157894736842
563,563. Расписная птичка,2021-08-18,0,0,0,0,1,5.0,1,5,0.2
564,564. Динозаврики,2021-08-18,0,0,0,0,0,0,1,11,0.09090909090909091
565, ,2021-08-18, , , , , , ,3,29,0.10344827586206896
566,566. Тигр,2021-08-18,0,0,0,0,0,0,0,6,0.0
567,567. Цыплёнок с цветочком,2021-08-18,0,0,0,0,1,5.0,2,12,0.16666666666666666
568,568. Анна,2021-08-18,0,0,0,1,0,4.0,1,30,0.03333333333333333
569,569. Щелкунчик,2021-08-18,0,0,0,0,0,0,0,4,0.0
570,570. Мышка фигуристка,2021-08-18,0,0,0,0,1,5.0,1,5,0.2
571,571. Тюлень,2021-08-18,0,0,0,0,0,0,2,11,0.18181818181818182
572,572. Смурфик,2021-08-18,0,0,0,0,0,0,0,3,0.0
573,573. Сани с подарками,2021-08-18,0,0,0,0,0,0,1,5,0.2
574,574. Рапунцель,2021-08-18,0,0,0,0,0,0,0,47,0.0
575,575. Новогодние шары,2021-08-18,0,0,0,0,0,0,0,3,0.0
576,576. Мопс,2021-08-18,0,0,0,0,1,5.0,2,48,0.041666666666666664
577, ,2021-08-18, , , , , , ,0,5,0.0
578,578. Стрекоза,2021-08-18,0,0,0,0,0,0,0,19,0.0
579,579. Бычок - символ нового года,2021-08-18,0,0,0,0,3,5.0,3,7,0.42857142857142855
580,580. Цветочная полянка,2021-08-18,0,0,0,0,0,0,0,2,0.0
581,581. Акула-молот,2021-08-18,0,0,0,0,0,0,0,4,0.0
582,582. Свен,2021-08-18,0,0,0,0,0,0,0,15,0.0
583,583. Лев,2021-08-18,0,0,0,0,3,5.0,5,73,0.0684931506849315
584,584. Трицератопс,2021-08-18,0,0,0,0,0,0,0,14,0.0
585,585. Марсианин из пластилина,2021-08-18,0,0,0,0,0,0,1,14,0.07142857142857142
586,586. Кролики,2021-08-18,0,0,0,0,0,0,0,13,0.0
587,587. Фрукты,2021-08-18,0,0,0,0,0,0,1,10,0.1
588,588. Хамелеон,2021-08-18,0,0,0,0,0,0,0,5,0.0
589,589. Учитель Медведь,2021-08-18,0,0,0,0,0,0,1,13,0.07692307692307693
590,590. Совы,2021-08-18,0,0,0,0,0,0,1,10,0.1
591,591. Крабик,2021-08-18,0,0,0,0,0,0,0,13,0.0
592,592. Мыло,2021-08-18,0,0,0,0,0,0,0,5,0.0
593,593. Морж,2021-08-18,0,0,0,0,0,0,0,2,0.0
594, ,2021-08-18, , , , , , ,2,51,0.0392156862745098
595,595. Котик в цветочках,2021-08-18,0,0,0,0,1,5.0,2,46,0.043478260869565216
596,596. Ленивец,2021-08-18,0,0,0,0,0,0,0,4,0.0
597,597. Миньон-вампир,2021-08-18,0,0,0,0,0,0,0,16,0.0
598,598. Тигрёнок,2021-08-18,0,0,0,0,0,0,0,2,0.0
599,599. Альпака,2021-08-18,0,0,0,0,0,0,0,7,0.0
600,600. Крабик,2021-08-18,0,0,0,0,1,5.0,1,13,0.07692307692307693
601,601. Единорог на радуге,2021-08-18,0,0,0,0,0,0,0,18,0.0
602,602. Лосенок Гимнастка,2021-08-18,0,0,0,0,0,0,2,9,0.2222222222222222
603,603. Спящий котик,2021-08-18,0,0,0,0,0,0,0,9,0.0
604,604. Котик на подушке-самолете,2021-08-18,0,0,0,0,1,5.0,3,44,0.06818181818181818
605,605. Жучки,2021-08-18,0,0,0,0,0,0,0,4,0.0
606,606. Фламинго,2021-08-18,0,0,0,0,1,5.0,2,43,0.046511627906976744
607,607. Панда Хоккеист,2021-08-18,0,0,0,0,1,5.0,1,9,0.1111111111111111
608,608. Щеночек Корги,2021-08-18,0,0,0,0,0,0,1,9,0.1111111111111111
609,609. Единорог,2021-08-18,0,0,0,0,1,5.0,2,18,0.1111111111111111
610,610. Пингвины баскетболисты,2021-08-18,0,0,0,0,0,0,1,27,0.037037037037037035
611,611. Стрекоза,2021-08-18,0,0,0,0,0,0,0,2,0.0
612,612. Миньон с бананом,2021-08-18,0,0,0,0,0,0,0,10,0.0
613,613. Коала из пластилина,2021-08-18,0,0,0,0,0,0,1,8,0.125
614,614. Малыш кактус,2021-08-18,0,0,0,0,1,5.0,3,33,0.09090909090909091
615,615. Девочка под водой,2021-08-18,0,0,0,0,0,0,0,5,0.0
616,616. Сноуборд,2021-08-18,0,0,0,0,0,0,0,4,0.0
617,617. Светофор,2021-08-18,0,0,0,0,1,5.0,1,17,0.058823529411764705
618, ,2021-08-18, , , , , , ,1,39,0.02564102564102564
619,619. Щеночек корги,2021-08-18,0,0,0,0,0,0,1,16,0.0625
620,620. Тигрёнок в наушниках,2021-08-18,0,0,0,0,0,0,1,26,0.038461538461538464
621, ,2021-08-18, , , , , , ,1,19,0.05263157894736842
622,622. Рыбки,2021-08-18,0,0,0,0,0,0,0,4,0.0
623,623. Малыш миньон,2021-08-18,0,0,0,0,2,5.0,4,73,0.0547945205479452
624,624. Angry-birds из пластилина,2021-08-18,0,0,0,0,1,5.0,2,32,0.0625
625,625. Единорог мороженое,2021-08-18,0,0,0,0,11,5.0,27,435,0.06206896551724138
626,626. Вертолётик,2021-08-18,0,0,0,0,0,0,0,3,0.0
627,627. Бегемотик,2021-08-18,0,0,0,0,0,0,0,4,0.0
628,628. Миньон,2021-08-18,0,0,0,0,0,0,0,5,0.0
629,629. На воздушном шаре,2021-08-18,0,0,0,0,0,0,0,24,0.0
630,630. Коала,2021-08-18,0,0,0,0,0,0,0,4,0.0
631,631. Конькобежец,2021-08-18,0,0,0,0,0,0,0,1,0.0
632,632. Царевна,2021-08-18,1,0,0,0,1,3.0,2,11,0.18181818181818182
633,633. Хоккей,2021-08-18,0,0,0,0,0,0,0,3,0.0
634,634. Малыш,2021-08-18,0,0,0,0,0,0,1,9,0.1111111111111111
635,635. Девочка миньон,2021-08-18,0,0,0,0,0,0,0,9,0.0
636,636. Божьи коровки,2021-08-18,0,0,0,0,1,5.0,3,34,0.08823529411764706
637,637. Жираф футболист,2021-08-18,0,0,0,0,0,0,0,24,0.0
638,638. Фея Динь-Динь,2021-08-18,0,0,0,0,0,0,0,10,0.0
639,639. Фристайл,2021-08-18,0,0,0,0,1,5.0,3,32,0.09375
640,640. Монстрик,2021-08-18,0,0,0,0,0,0,0,4,0.0
641,641. Миньон после стирки,2021-08-18,0,0,0,0,0,0,1,15,0.06666666666666667
642,642. Супер-кот,2021-08-18,0,0,0,0,2,5.0,3,48,0.0625
643,643. Фигурное катание,2021-08-18,0,0,0,0,0,0,0,4,0.0
644,644. Самое милое приведение,2021-08-18,0,0,0,0,0,0,0,14,0.0
645,645. Символ олимпийских игр,2021-08-18,0,0,0,0,0,0,0,1,0.0
646,646. Стич,2021-08-18,0,0,0,0,1,5.0,1,17,0.058823529411764705
647,647. Котик с газетой,2021-08-18,0,0,0,0,0,0,0,5,0.0
648,648. Олимпийский флаг,2021-08-18,0,0,0,0,0,0,0,5,0.0
649,649. Паучок,2021-08-18,0,0,0,0,1,5.0,2,81,0.024691358024691357
650,650. Собачка Гиджит,2021-08-18,0,0,0,0,1,5.0,3,38,0.07894736842105263
651,651. Зайчик в шляпке,2021-08-18,0,0,0,0,0,0,1,5,0.2
652,652. Волшебная тыква,2021-08-18,0,0,0,0,0,0,0,5,0.0
653,653. Динозавр в космосе,2021-08-18,0,0,0,0,0,0,1,17,0.058823529411764705
654,654. Кубок победителя,2021-08-18,0,0,0,0,0,0,0,0,0
655,655. Самолёт,2021-08-18,0,0,0,0,0,0,4,57,0.07017543859649122
656,656. Зайчик Снежок,2021-08-18,0,0,0,0,0,0,1,27,0.037037037037037035
657,657. Горные лыжи,2021-08-18,0,0,0,0,0,0,0,0,0
658, ,2021-08-18, , , , , , ,5,41,0.12195121951219512
659,659. Кит,2021-08-18,0,0,0,0,0,0,0,20,0.0
660,660. Зайчик,2021-08-18,0,0,0,0,0,0,0,1,0.0
661,661. Слоник из пластилина,2021-08-18,0,0,0,0,0,0,0,6,0.0
662,662. Мишка-лётчик,2021-08-18,0,0,0,0,0,0,0,4,0.0
663,663. Морской котик с мячом,2021-08-18,0,0,0,0,0,0,0,0,0
664,664. Пикачу из пластилина,2021-08-18,0,0,0,0,1,5.0,1,42,0.023809523809523808
665,665. Бобслей,2021-08-18,0,0,0,0,0,0,0,0,0
666,666. Человек-паук,2021-08-18,0,0,0,0,0,0,0,37,0.0
667,667. Леди Баг,2021-08-18,0,0,0,0,3,5.0,4,77,0.05194805194805195
668, ,2021-08-18, , , , , , ,0,14,0.0
669,669. Кошечка Хлоя,2021-08-18,0,0,0,0,0,0,1,22,0.045454545454545456
670,670. Губка боб,2021-08-18,0,0,0,0,1,5.0,2,20,0.1
671,671. Зонт,2021-08-18,0,0,0,0,0,0,0,2,0.0
672,672. Парочка кактусов,2021-08-18,0,0,0,0,0,0,0,6,0.0
673,673. Снегурочка,2021-08-18,0,0,0,0,0,0,0,2,0.0
674,674. Два динозаврика,2021-08-18,0,0,0,0,0,0,0,6,0.0
675,675. Волшебный карп из Вьетнама,2021-08-18,0,0,0,0,0,0,0,38,0.0
676,676. Тигренок в комбинезоне,2021-08-18,0,0,0,0,1,5.0,1,13,0.07692307692307693
677,677. Снежная овечка,2021-08-19,0,0,0,0,0,0,3,40,0.075
678,678. Чаепитие насекомых,2021-08-19,0,0,0,1,1,4.5,2,6,0.3333333333333333
679,679. Беззубик,2021-08-19,0,0,0,0,1,5.0,5,32,0.15625
680,680. Пряничный домик,2021-08-19,0,0,0,0,0,0,0,7,0.0
681,681. Мексиканский кактус,2021-08-19,0,0,0,0,0,0,0,7,0.0
682,682. Портрет динозавра,2021-08-19,0,0,0,0,1,5.0,3,28,0.10714285714285714
683,683. Ночной лес,2021-08-19,0,0,0,0,0,0,2,6,0.3333333333333333
684,684. Львенок,2021-08-19,0,0,0,0,0,0,0,1,0.0
685,685. Ночная улица,2021-08-19,0,0,0,0,0,0,1,8,0.125
686,686. Лепим снеговика,2021-08-19,0,0,0,0,0,0,0,3,0.0
687,687. Малыш-динозаврик,2021-08-19,0,0,0,0,0,0,0,35,0.0
688,688. Английские котята под омелой,2021-08-19,0,0,0,0,0,0,0,3,0.0
689,689. Девочка робот,2021-08-19,0,0,0,0,0,0,0,0,0
690,690. Динозавр-музыкант,2021-08-19,0,0,0,0,0,0,0,7,0.0
691,691. Закат,2021-08-19,0,0,0,0,0,0,1,17,0.058823529411764705
692,692. Круглый робот,2021-08-19,0,0,0,0,0,0,0,3,0.0
693,693. Домик в горах,2021-08-19,0,0,0,0,1,5.0,3,5,0.6
694,694.  Голубая ель,2021-08-19,0,0,0,0,1,5.0,1,5,0.2
695,695. Зебра,2021-08-19,0,0,0,0,0,0,0,4,0.0
696,696. Проектируем робота,2021-08-19,0,0,0,0,0,0,0,2,0.0
697,697. Времена года,2021-08-19,0,0,0,0,0,0,1,9,0.1111111111111111
698,698. Новогодний козлик из Финляндии,2021-08-19,0,0,0,0,0,0,0,4,0.0
699,699. Робот ловит пчелку,2021-08-19,0,0,0,0,0,0,0,1,0.0
700,700. Волшебная Луна,2021-08-19,0,0,0,0,1,5.0,1,25,0.04
701,701. Новогодняя игрушка - пингвинчик,2021-08-19,0,0,0,0,0,0,0,6,0.0
702,702. Робот в космосе,2021-08-19,0,0,0,0,0,0,0,2,0.0
703, ,2021-08-19, , , , , , ,1,13,0.07692307692307693
704,704. Грибочек,2021-08-19,0,0,0,0,0,0,0,26,0.0
705,705. Тукан,2021-08-19,0,0,0,0,0,0,0,6,0.0
706,706. Санта Клаус серфингист из Австралии,2021-08-19,0,0,0,0,0,0,0,3,0.0
707,707. Робот с шариком,2021-08-19,0,0,0,0,0,0,0,3,0.0
708,708. Тюлень,2021-08-19,0,0,0,0,1,5.0,2,5,0.4
709,709. Вертолёт,2021-08-19,0,0,0,0,0,0,0,6,0.0
710,710. Акула,2021-08-19,0,0,0,0,0,0,0,28,0.0
711,711. Пластилиновый Санта Клаус,2021-08-19,0,0,0,0,0,0,0,4,0.0
712, ,2021-08-19, , , , , , ,0,28,0.0
713,713. День и ночь,2021-08-19,0,0,0,0,1,5.0,2,33,0.06060606060606061
714,714. Веселая тучка,2021-08-19,0,0,0,0,0,0,0,23,0.0
715,715. Китайский дракон,2021-08-19,0,0,0,0,0,0,0,15,0.0
716,716. Печём печеньки,2021-08-19,0,0,0,0,0,0,0,1,0.0
717, ,2021-08-19, , , , , , ,1,9,0.1111111111111111
718,718. Воздушный змей из Японии,2021-08-19,0,0,0,0,0,0,0,1,0.0
719,719. Лисичка,2021-08-19,0,0,0,0,0,0,0,16,0.0
720,720. Жираф,2021-08-19,0,0,0,0,0,0,1,38,0.02631578947368421
721,721. Пирожное из пластилина,2021-08-19,0,0,0,0,0,0,0,19,0.0
722,722. Заяц пловец,2021-08-19,0,0,0,0,0,0,1,8,0.125
723,723. Слоник на арбузе,2021-08-19,0,0,0,0,0,0,0,1,0.0
724,724. Весёлый клоун,2021-08-19,0,0,0,0,0,0,0,7,0.0
725,725. Крокодил с подарком,2021-08-19,0,0,0,0,0,0,1,5,0.2
726,726. Мышка и обручи,2021-08-19,0,0,0,0,0,0,0,10,0.0
727,727. Бэтмен,2021-08-19,0,0,0,0,1,5.0,2,32,0.0625
728,728. Спящий щенок,2021-08-19,0,0,0,0,1,5.0,1,15,0.06666666666666667
729, ,2021-08-19, , , , , , ,2,22,0.09090909090909091
730,730. Воздушный шар,2021-08-19,0,0,0,0,0,0,0,4,0.0
731,731. Попугай,2021-08-19,0,0,0,0,1,5.0,2,7,0.2857142857142857
732,732. Синий щенок,2021-08-19,0,0,0,0,0,0,0,7,0.0
733,733. Мишка с медом,2021-08-19,0,0,0,0,1,5.0,2,8,0.25
734,734. Кот-воришка,2021-08-19,0,0,0,0,0,0,1,22,0.045454545454545456
735,735. Планета Земля,2021-08-19,0,0,0,0,0,0,0,26,0.0
736,736. Домик на горе,2021-08-19,0,0,0,0,0,0,3,18,0.16666666666666666
737,737. Атлантический тупик,2021-08-19,0,0,0,0,4,5.0,9,198,0.045454545454545456
738,738. Девочка-эскимос,2021-08-19,0,0,0,0,2,5.0,7,61,0.11475409836065574
739,739. Дружелюбная косатка,2021-08-19,0,0,0,0,0,0,7,93,0.07526881720430108
740,740. Мечтательный тюлень,2021-08-19,0,0,0,0,3,5.0,14,180,0.07777777777777778
741,741. Милый морж,2021-08-19,0,0,0,0,0,0,4,92,0.043478260869565216
742,742. Морской единорог,2021-08-19,0,1,0,0,8,4.666666666666667,23,506,0.045454545454545456
743,743. Пингвин-неваляшка,2021-08-19,0,0,0,0,0,0,9,248,0.036290322580645164
744,744. Полярный медведь,2021-08-19,0,0,0,0,2,5.0,12,442,0.027149321266968326
745,745. Праздничный мишка,2021-08-19,0,0,0,0,2,5.0,6,92,0.06521739130434782
746,746. Северный олень,2021-08-19,0,0,0,0,1,5.0,8,178,0.0449438202247191
747,747. Ваза с волшебными цветами,2021-08-23,0,0,0,0,0,0,2,131,0.015267175572519083
748,748. Волшебный цветок,2021-08-23,0,0,0,0,0,0,2,80,0.025
749,749. Лавандовый букет,2021-08-23,0,0,0,0,7,5.0,11,191,0.05759162303664921
750,750. Львята-одуванчики,2021-08-23,0,0,0,0,2,5.0,5,162,0.030864197530864196
751,751. Под волшебным деревом,2021-08-23,0,0,0,0,5,5.0,11,258,0.04263565891472868
752,752. Роза в горшочке,2021-08-23,0,0,1,1,9,4.7272727272727275,31,354,0.08757062146892655
753,753. Светлячки в цветах,2021-08-23,0,0,0,0,0,0,0,58,0.0
754,754. Тюльпаны-болтушки,2021-08-23,0,0,0,0,3,5.0,3,98,0.030612244897959183
755,755. Цветочек для жучка,2021-08-23,0,0,0,0,6,5.0,17,336,0.050595238095238096
756,756. Маковая полянка,2021-08-23,0,0,0,0,0,0,1,55,0.01818181818181818
757,757. А - альпака,2021-08-26,0,0,0,0,2,5.0,12,291,0.041237113402061855
758,758. Б - бегемот,2021-08-26,0,0,0,1,1,4.5,3,35,0.08571428571428572
759,759. В - верблюд,2021-08-26,0,0,0,0,3,5.0,7,101,0.06930693069306931
760,760. Г - гусь,2021-08-26,0,0,0,0,5,5.0,7,90,0.07777777777777778
761,761. Д - динозавр,2021-08-26,0,0,0,0,2,5.0,7,145,0.04827586206896552
762,762. Ё - ёлка,2021-08-26,0,0,0,0,0,0,6,87,0.06896551724137931
763,763. Ж - жираф,2021-08-26,0,0,0,0,4,5.0,9,197,0.04568527918781726
764,764. З - зебра,2021-08-26,0,0,0,0,3,5.0,8,183,0.04371584699453552
765,765. И - игуана,2021-08-26,0,0,1,2,4,4.428571428571429,18,264,0.06818181818181818
766,766. Светящийся гриб,2021-08-30,0,0,0,0,4,5.0,6,137,0.043795620437956206
767,767. Поздравительный гриб,2021-08-30,0,0,0,3,14,4.823529411764706,19,428,0.04439252336448598
768,768. Леди-грибочек,2021-08-30,0,0,0,0,2,5.0,2,41,0.04878048780487805
769,769. Исчезающий гриб,2021-08-30,1,0,1,1,7,4.3,12,192,0.0625
770,770. Звездный гриб,2021-08-30,0,0,0,0,10,5.0,11,184,0.059782608695652176
771,771. Грибочек-почтальон,2021-08-30,0,0,0,0,6,5.0,8,118,0.06779661016949153
772,772. Грибочек в корзине,2021-08-30,0,0,0,0,5,5.0,6,98,0.061224489795918366
773,773. Грибное царство,2021-08-30,0,0,0,0,10,5.0,14,174,0.08045977011494253
774,774. Грибная полянка,2021-08-30,0,0,0,0,15,5.0,17,237,0.07172995780590717
775,775. Гриб-зонтик,2021-08-30,1,0,0,0,1,3.0,6,152,0.039473684210526314
776,776. Мустанг индейца,2021-09-02,0,0,0,0,4,5.0,4,113,0.035398230088495575
777,777. Шатёр индейца,2021-09-02,0,0,1,0,1,4.0,2,86,0.023255813953488372
778,778. Царь всех индейцев,2021-09-02,0,0,0,1,1,4.5,2,67,0.029850746268656716
779,779. Тотемный столб,2021-09-02,0,0,0,0,3,5.0,3,114,0.02631578947368421
780,780. Ручной барабан,2021-09-02,0,0,0,0,4,5.0,4,68,0.058823529411764705
781,781. Ободок индейца,2021-09-02,0,0,0,0,5,5.0,5,85,0.058823529411764705
782,782. Мудрая сова,2021-09-02,0,0,0,0,6,5.0,6,177,0.03389830508474576
783,783. Меткая стрела,2021-09-02,0,0,0,0,0,0,0,60,0.0
784,784. Ловец снов,2021-09-04,0,0,0,0,2,5.0,2,30,0.06666666666666667
785,785. Индейская маска,2021-09-04,0,0,0,0,4,5.0,4,89,0.0449438202247191
786,786. Веточка клёна,2021-09-06,0,0,0,1,6,4.857142857142857,7,170,0.041176470588235294
787,787. Осенний лес,2021-09-06,0,0,1,1,39,4.926829268292683,41,563,0.07282415630550622
788,788. Девочка-осень,2021-09-06,0,0,0,1,16,4.9411764705882355,17,247,0.06882591093117409
789,789. Осенний листочек,2021-09-06,0,0,0,2,5,4.714285714285714,7,201,0.03482587064676617
790,790. Берёзовая роща,2021-09-06,0,0,0,0,5,5.0,5,38,0.13157894736842105
791,791. Лягушонок в ботиках,2021-09-06,1,0,0,0,5,4.333333333333333,6,134,0.04477611940298507
792,792. Жёлуди,2021-09-06,0,0,0,0,3,5.0,3,127,0.023622047244094488
793,793. Осеннее дерево,2021-09-06,0,0,0,0,8,5.0,8,144,0.05555555555555555
794,794. Открытка зонтик,2021-09-06,0,0,0,1,9,4.9,10,132,0.07575757575757576
795,795. Цветочное дерево,2021-09-06,0,0,0,0,4,5.0,4,38,0.10526315789473684
796,796. Ленивый пончик,2021-09-08,1,0,1,0,14,4.625,16,264,0.06060606060606061
797,797. Сухопутный арбузик,2021-09-08,0,0,0,0,8,5.0,8,228,0.03508771929824561
798,798. Авокотик,2021-09-08,1,1,0,1,34,4.783783783783784,37,623,0.0593900481540931
799,799. Пиццезаврик,2021-09-08,0,0,0,0,12,5.0,12,156,0.07692307692307693
800,800. Пироженное с шипучкой,2021-09-08,1,0,0,1,5,4.285714285714286,7,135,0.05185185185185185
801,801. Жуксбургер,2021-09-08,0,0,0,0,19,5.0,19,224,0.08482142857142858
802,802. Лягушка-помидорка,2021-09-08,0,0,0,0,3,5.0,3,60,0.05
803,803. Австралийская груша,2021-09-08,0,0,0,0,4,5.0,4,65,0.06153846153846154
804,804. Арктический пломбир,2021-09-08,0,0,0,0,6,5.0,6,109,0.05504587155963303
805,805. Лама-коктейль,2021-09-08,0,0,0,0,9,5.0,9,162,0.05555555555555555
806,806. Цифра 0 (Лягушка),2021-09-13,0,0,0,0,2,5.0,2,28,0.07142857142857142
807,807. Цифра 1 (Летучий мышонок),2021-09-13,0,0,0,0,1,5.0,1,40,0.025
808,808. Цифра 2 (Розовый фламинго),2021-09-13,0,0,0,0,3,5.0,3,55,0.05454545454545454
809,809. Цифра 3 (Динозаврик),2021-09-13,0,0,0,0,0,0,0,22,0.0
810,810. Цифра 4 (Тигровая акула),2021-09-13,1,0,0,0,2,3.6666666666666665,3,26,0.11538461538461539
811,811. Цифра 5 (Коала),2021-09-13,0,0,0,0,2,5.0,2,12,0.16666666666666666
812,812. Цифра 6 (Жар-птица),2021-09-13,0,0,0,0,1,5.0,1,20,0.05
813,813. Цифра 7 (Крысенок),2021-09-13,0,0,0,0,2,5.0,2,57,0.03508771929824561
814,814. Цифра 8 (Снеговик),2021-09-13,0,0,0,0,0,0,0,18,0.0
815,815. Цифра 9 (Дельфин),2021-09-13,0,1,0,1,0,3.0,2,39,0.05128205128205128
